{
  "camera": {
    "control_mode": "fly"
  },
  "camera_rig": {
    "MainCamera": {
      "camera": {
        "has_orthographic": false,
        "has_perspective": true,
        "perspective": {
          "far": 1000.0,
          "fov": 1.0,
          "near": 0.10000000149011612
        }
      },
      "fly": {
        "boost_multiplier": 4.0,
        "look_sensitivity": 0.001500000013038516,
        "move_speed": 5.0,
        "plane_lock": false
      },
      "mode": "fly",
      "orbit": {
        "distance": 35.12893295288086,
        "mode": "turntable",
        "target": {
          "x": 0.0,
          "y": 0.0,
          "z": 0.0
        }
      },
      "position": {
        "x": -5.133490085601807,
        "y": 0.3791361451148987,
        "z": 3.791137456893921
      },
      "rotation": {
        "w": -0.11788216233253479,
        "x": -0.1119866669178009,
        "y": 0.6795797348022461,
        "z": 0.7153559923171997
      },
      "scale": {
        "x": 1.0,
        "y": 1.0,
        "z": 1.0
      }
    },
    "PhysCamera001": {
      "camera": {
        "has_orthographic": false,
        "has_perspective": true,
        "perspective": {
          "far": 10000.0,
          "fov": 1.0212266445159912,
          "near": 0.10000000149011612
        }
      },
      "fly": {
        "boost_multiplier": 4.0,
        "look_sensitivity": 0.001500000013038516,
        "move_speed": 5.0,
        "plane_lock": false
      },
      "mode": "fly",
      "orbit": {
        "distance": 8.991250991821289,
        "mode": "turntable",
        "target": {
          "x": 0.0,
          "y": 0.0,
          "z": 0.0
        }
      },
      "position": {
        "x": -5.827016830444336,
        "y": -0.4240163564682007,
        "z": 5.346879959106445
      },
      "rotation": {
        "w": -0.4860416650772095,
        "x": -0.5039957165718079,
        "y": 0.5139232277870178,
        "z": 0.49561557173728943
      },
      "scale": {
        "x": 0.9999999403953552,
        "y": 0.9999998211860657,
        "z": 0.9999998807907104
      }
    }
  },
  "content": {
    "explorer": {
      "auto_dump_delay": 180.0,
      "auto_dump_tex_mem": true,
      "auto_load_on_import": true,
      "dump_top_n": 20.0,
      "include_fbx": true,
      "include_glb": true,
      "include_gltf": true,
      "model_root": "C:\\Users\\abdes\\Downloads\\full-gameready-city-buildings\\source"
    },
    "paths": {
      "last_cooked_output": "F:\\projects\\DroidNet\\projects\\Oxygen.Engine\\Examples\\RenderScene\\.cooked"
    }
  },
  "demo_shell": {
    "active_panel": "",
    "panels": {
      "environment": {
        "width": 598.0
      }
    }
  },
  "env": {
    "atmo": {
      "aerial_perspective_scale": 1.0,
      "aerial_scattering_strength": 1.0,
      "atmosphere_height_km": 80.0,
      "enabled": true,
      "ground_albedo": {
        "x": 0.10000000149011612,
        "y": 0.10000000149011612,
        "z": 0.10000000149011612
      },
      "mie_anisotropy": 0.800000011920929,
      "mie_scale_height_km": 1.2000000476837158,
      "multi_scattering": 1.0,
      "planet_radius_km": 6360.00634765625,
      "rayleigh_scale_height_km": 8.0,
      "sun_disk_enabled": true,
      "sun_disk_radius_deg": 0.26799994707107544
    },
    "debug": {
      "force_analytic": false,
      "use_lut": true,
      "visualize_lut": false
    },
    "sky_light": {
      "diffuse": 1.0,
      "enabled": false,
      "intensity": 1.0,
      "source": 0.0,
      "specular": 1.0,
      "tint": {
        "x": 1.0,
        "y": 1.0,
        "z": 1.0
      }
    },
    "sky_sphere": {
      "enabled": false,
      "intensity": 1.0,
      "rotation_deg": 0.0,
      "solid_color": {
        "x": 0.20000000298023224,
        "y": 0.30000001192092896,
        "z": 0.5
      },
      "source": 0.0
    },
    "skybox": {
      "face_size": 512.0,
      "flip_y": false,
      "hdr_exposure_ev": 0.0,
      "layout": 0.0,
      "output": 0.0,
      "tonemap_hdr_to_ldr": false
    },
    "sun": {
      "azimuth_deg": 90.69999694824219,
      "color": {
        "x": 1.0,
        "y": 1.0,
        "z": 1.0
      },
      "disk_radius_deg": 0.26799994707107544,
      "elevation_deg": 30.0,
      "enabled": true,
      "intensity_lux": 10.0,
      "source": 1.0,
      "temperature_kelvin": 6500.0,
      "use_temperature": false
    }
  },
  "file_browser": {
    "select_loose_cooked_index": {
      "window_size": [
        1149,
        443
      ]
    },
    "select_model_directory": {
      "window_size": [
        1040,
        461
      ]
    }
  },
  "light_culling": {
    "visualization_mode": "0"
  },
  "rendering": {
    "view_mode": "solid",
    "wire_color": {
      "b": 0.41997024416923523,
      "g": 0.41997024416923523,
      "r": 0.7585365772247314
    }
  },
  "ui": {
    "stats": {
      "show_engine_timing": true,
      "show_fps": true,
      "show_frame_timing_detail": true
    }
  }
}
