{
  "camera": {
    "control_mode": "orbit",
    "fly_move_speed": 100.0
  },
  "camera_rig": {
    "MainCamera": {
      "camera": {
        "has_orthographic": false,
        "has_perspective": true,
        "perspective": {
          "far": 1000.0,
          "fov": 1.0,
          "near": 0.10000000149011612
        }
      },
      "fly": {
        "boost_multiplier": 4.0,
        "look_sensitivity": 0.001500000013038516,
        "move_speed": 100.0,
        "plane_lock": false
      },
      "mode": "orbit",
      "orbit": {
        "distance": 11.0,
        "mode": "turntable",
        "target": {
          "x": 0.0,
          "y": 0.0,
          "z": 0.0
        }
      },
      "position": {
        "x": 1.3952322006225586,
        "y": 10.79349136352539,
        "z": 1.5980826616287231
      },
      "rotation": {
        "w": 0.04860654100775719,
        "x": 0.04199046641588211,
        "y": 0.652377724647522,
        "z": 0.7551673650741577
      },
      "scale": {
        "x": 1.0,
        "y": 1.0,
        "z": 1.0
      }
    },
    "PhysCamera001": {
      "camera": {
        "has_orthographic": false,
        "has_perspective": true,
        "perspective": {
          "far": 10000.0,
          "fov": 1.0212266445159912,
          "near": 0.10000000149011612
        }
      },
      "fly": {
        "boost_multiplier": 4.0,
        "look_sensitivity": 0.001500000013038516,
        "move_speed": 5.0,
        "plane_lock": false
      },
      "mode": "fly",
      "orbit": {
        "distance": 9.283685684204102,
        "mode": "turntable",
        "target": {
          "x": 0.0,
          "y": 0.0,
          "z": 0.0
        }
      },
      "position": {
        "x": 8.718137741088867,
        "y": 2.000545024871826,
        "z": 2.485699415206909
      },
      "rotation": {
        "w": 0.3388625681400299,
        "x": 0.5450535416603088,
        "y": 0.6512666344642639,
        "z": 0.40489575266838074
      },
      "scale": {
        "x": 0.9999999403953552,
        "y": 0.9999998211860657,
        "z": 0.9999998807907104
      }
    }
  },
  "content": {
    "explorer": {
      "auto_dump_delay": 180.0,
      "auto_dump_tex_mem": true,
      "auto_load_on_import": true,
      "dump_top_n": 20.0,
      "include_fbx": true,
      "include_glb": true,
      "include_gltf": true,
      "model_root": "F:\\projects\\DroidNet\\projects\\Oxygen.Engine\\Examples\\Content\\fbx"
    },
    "import": {
      "tuning": {
        "bc7_quality": 2.0,
        "color_format": 63.0,
        "color_space": 1.0,
        "data_format": 62.0,
        "enabled": false,
        "hdr_handling": 1.0,
        "intent": 0.0,
        "max_mips": 1.0,
        "mip_filter": 1.0,
        "mip_policy": 0.0
      }
    }
  },
  "demo_shell": {
    "active_panel": "Content Loader",
    "panels": {
      "content_loader": {
        "width": 741.0
      }
    }
  },
  "environment": {
    "debug": {
      "force_analytic": false,
      "use_lut": true,
      "visualize_lut": false
    },
    "post_process": {
      "auto_exposure_max_ev": 16.0,
      "auto_exposure_min_ev": -6.0,
      "auto_exposure_speed_down": 1.0,
      "auto_exposure_speed_up": 3.0,
      "bloom_intensity": 0.0,
      "bloom_threshold": 1.0,
      "contrast": 1.0,
      "enabled": false,
      "exposure_compensation_ev": 0.0,
      "exposure_mode": 1.0,
      "saturation": 1.0,
      "tone_mapper": 0.0,
      "vignette": 0.0
    },
    "sky_atmo": {
      "aerial_perspective_scale": 1.0,
      "aerial_scattering_strength": 1.0,
      "atmosphere_height_km": 80.0,
      "enabled": false,
      "ground_albedo": {
        "x": 0.10000000149011612,
        "y": 0.10000000149011612,
        "z": 0.10000000149011612
      },
      "mie_anisotropy": 0.800000011920929,
      "mie_scale_height_km": 1.2000000476837158,
      "multi_scattering": 1.0,
      "planet_radius_km": 6360.00048828125,
      "rayleigh_scale_height_km": 8.0,
      "sun_disk_enabled": true,
      "sun_disk_radius_deg": 0.26785776019096375
    },
    "sky_light": {
      "diffuse": 1.0,
      "enabled": false,
      "intensity": 1.0,
      "source": 0.0,
      "specular": 1.0,
      "tint": {
        "x": 1.0,
        "y": 1.0,
        "z": 1.0
      }
    },
    "sky_sphere": {
      "enabled": true,
      "intensity": 1.0,
      "rotation_deg": 0.0,
      "solid_color": {
        "x": 0.25,
        "y": 0.44999998807907104,
        "z": 0.8999999761581421
      },
      "source": 1.0
    },
    "skybox": {
      "face_size": 512.0,
      "flip_y": false,
      "hdr_exposure_ev": 0.0,
      "layout": 0.0,
      "output_format": 0.0,
      "path": "",
      "tonemap_hdr_to_ldr": false
    },
    "sun": {
      "azimuth_deg": 90.0,
      "color": {
        "x": 1.0,
        "y": 1.0,
        "z": 1.0
      },
      "disk_radius_deg": 0.26799994707107544,
      "elevation_deg": 30.0,
      "enabled": true,
      "intensity_lux": 10.0,
      "source": 1.0,
      "temperature_kelvin": 6500.0,
      "use_temperature": false
    }
  },
  "file_browser": {
    "select_loose_cooked_index": {
      "window_size": [
        1223,
        463
      ]
    },
    "select_model_directory": {
      "window_size": [
        700,
        450
      ]
    },
    "select_model_file": {
      "window_size": [
        1045,
        452
      ]
    },
    "select_pak_file": {
      "window_size": [
        700,
        450
      ]
    }
  },
  "light_culling": {
    "visualization_mode": 0.0
  },
  "rendering": {
    "debug_mode": 0.0,
    "view_mode": "solid"
  }
}
