{
  "camera": {
    "fly_move_speed": 20.850000381469727
  },
  "camera_rig": {
    "CameraRig": {
      "mode": "fly",
      "orbit": {
        "distance": 50.599998474121094,
        "mode": "turntable",
        "target": {
          "x": 0.0,
          "y": 0.0,
          "z": 0.0
        }
      },
      "position": {
        "x": -11.784233093261719,
        "y": -29.2332706451416,
        "z": 39.58418273925781
      },
      "rotation": {
        "w": 0.9267331957817078,
        "x": 0.32389020919799805,
        "y": -0.0628255233168602,
        "z": -0.17975996434688568
      }
    },
    "MainCamera": {
      "camera": {
        "has_perspective": true,
        "perspective": {
          "far": 2000.0,
          "fov": 1.3648474216461182,
          "near": 0.10000000149011612
        }
      },
      "mode": "fly",
      "orbit": {
        "distance": 16.320507049560547,
        "mode": "turntable",
        "target": {
          "x": 0.0,
          "y": 0.0,
          "z": 0.0
        }
      },
      "position": {
        "x": 5.512314319610596,
        "y": -9.247039794921875,
        "z": 12.26644229888916
      },
      "rotation": {
        "w": 0.9022403359413147,
        "x": 0.3397689461708069,
        "y": 0.09358755499124527,
        "z": 0.24851730465888977
      }
    },
    "PhysCamera001": {
      "camera": {
        "has_perspective": true,
        "perspective": {
          "far": 10000.0,
          "fov": 0.9459684491157532,
          "near": 0.10000000149011612
        }
      },
      "mode": "fly",
      "orbit": {
        "distance": 8.991250991821289,
        "mode": "turntable",
        "target": {
          "x": 0.0,
          "y": 0.0,
          "z": 0.0
        }
      },
      "position": {
        "x": -8.807430267333984,
        "y": 0.8582578301429749,
        "z": 1.5922194719314575
      },
      "rotation": {
        "w": -0.39023450016975403,
        "x": -0.5667269825935364,
        "y": 0.5976484417915344,
        "z": 0.41152623295783997
      }
    },
    "cam_001": {
      "mode": "fly",
      "orbit": {
        "distance": 0.10000000149011612,
        "mode": "turntable",
        "target": {
          "x": 0.0,
          "y": 0.0,
          "z": 0.0
        }
      },
      "position": {
        "x": 25.279335021972656,
        "y": -3.6773407459259033,
        "z": 15.000630378723145
      },
      "rotation": {
        "w": 0.0795573741197586,
        "x": 0.9926333427429199,
        "y": -0.09108565002679825,
        "z": -0.00730031356215477
      }
    },
    "camera_node": {
      "fly": {
        "boost_multiplier": 4.0,
        "look_sensitivity": 0.001500000013038516,
        "move_speed": 20.850000381469727,
        "plane_lock": false
      },
      "mode": "fly",
      "orbit": {
        "distance": 21.124629974365234,
        "mode": "turntable",
        "target": {
          "x": 0.0,
          "y": 0.0,
          "z": 0.0
        }
      },
      "position": {
        "x": 10.0,
        "y": -16.0,
        "z": 9.5
      },
      "rotation": {
        "w": 0.819852888584137,
        "x": 0.49919548630714417,
        "y": 0.14584551751613617,
        "z": 0.23952911794185638
      }
    }
  },
  "content": {
    "active_scene": {
      "key": "e3ab1db7-c541-a3ea-2e44-06730f68387f",
      "name": "/.cooked/Scenes/physics_domains.oscene",
      "source_is_pak": false,
      "source_path": "H:\\projects\\DroidNet\\projects\\Oxygen.Engine\\Examples\\Content\\.cooked\\container.index.bin"
    },
    "explorer": {
      "auto_dump_delay": 180.0,
      "auto_dump_tex_mem": true,
      "auto_load_on_import": true,
      "dump_top_n": 20.0,
      "include_fbx": true,
      "include_glb": true,
      "include_gltf": true,
      "model_root": "C:\\Users\\abdes\\Downloads"
    },
    "library": {
      "mounted_indices": "H:\\projects\\DroidNet\\projects\\Oxygen.Engine\\Examples\\RenderScene\\.cooked\\container.index.bin\nH:\\projects\\DroidNet\\projects\\Oxygen.Engine\\Examples\\Content\\.cooked\\container.index.bin",
      "mounted_paks": ""
    },
    "paths": {
      "last_cooked_output": "H:\\projects\\DroidNet\\projects\\Oxygen.Engine\\Examples\\RenderScene\\.cooked"
    }
  },
  "demo_shell": {
    "active_panel": "",
    "console": {
      "window": {
        "height": 420.0,
        "width": 900.0,
        "x": 60.0,
        "y": 60.0
      }
    },
    "panels": {
      "camera_controls": {
        "width": 477.0
      },
      "environment": {
        "width": 552.0
      },
      "ground_grid": {
        "width": 529.0
      },
      "post_process": {
        "width": 544.0
      }
    }
  },
  "env": {
    "atmo": {
      "aerial_perspective_scale": 1.0,
      "aerial_scattering_strength": 1.0,
      "atmosphere_height_km": 100.00000762939453,
      "enabled": false,
      "ground_albedo": {
        "x": 0.10000000149011612,
        "y": 0.10000000149011612,
        "z": 0.10000000149011612
      },
      "mie_absorption_scale": 1.0,
      "mie_anisotropy": 0.800000011920929,
      "mie_scale_height_km": 1.2000000476837158,
      "multi_scattering": 1.0,
      "ozone_profile": {
        "layer0": {
          "constant_term": -0.6666666865348816,
          "linear_term": 6.666666740784422e-05,
          "width_m": 25000.0
        },
        "layer1": {
          "constant_term": 2.6666667461395264,
          "linear_term": -6.666666740784422e-05
        }
      },
      "ozone_rgb": {
        "x": 6.500000040432496e-07,
        "y": 1.8810000028679497e-06,
        "z": 8.500000348021786e-08
      },
      "planet_radius_km": 6360.00048828125,
      "rayleigh_scale_height_km": 8.0,
      "sun_disk_enabled": true
    },
    "fog": {
      "enabled": false,
      "extinction_sigma_t_per_m": 0.009999999776482582,
      "height_falloff_per_m": 0.20000000298023224,
      "height_offset_m": 0.0,
      "max_opacity": 1.0,
      "model": 0.0,
      "single_scattering_albedo_rgb": {
        "x": 1.0,
        "y": 1.0,
        "z": 1.0
      },
      "start_distance_m": 0.0
    },
    "settings": {
      "custom_state_present": false,
      "schema_version": 2.0
    },
    "sky_light": {
      "diffuse": 1.0,
      "enabled": false,
      "intensity_mul": 1.0,
      "source": 0.0,
      "specular": 1.0,
      "tint": {
        "x": 1.0,
        "y": 1.0,
        "z": 1.0
      }
    },
    "sky_sphere": {
      "enabled": false,
      "intensity": 1.0,
      "rotation_deg": 0.0,
      "solid_color": {
        "x": 0.20000000298023224,
        "y": 0.30000001192092896,
        "z": 0.5
      },
      "source": 0.0
    },
    "skybox": {
      "face_size": 512.0,
      "flip_y": false,
      "hdr_exposure_ev": 0.0,
      "layout": 0.0,
      "output": 0.0,
      "tonemap_hdr_to_ldr": false
    },
    "sun": {
      "azimuth_deg": 90.0,
      "color": {
        "x": 1.0,
        "y": 1.0,
        "z": 1.0
      },
      "disk_radius_deg": 0.2724999487400055,
      "elevation_deg": 30.0,
      "enabled": true,
      "illuminance_lx": 110000.0,
      "source": 0.0,
      "temperature_kelvin": 6500.0,
      "use_temperature": false
    }
  },
  "environment_preset_index": 0.0,
  "file_browser": {
    "select_loose_cooked_index": {
      "window_size": [
        1156,
        579
      ]
    },
    "select_model_directory": {
      "window_size": [
        700,
        450
      ]
    },
    "select_pak_file": {
      "window_size": [
        1116,
        576
      ]
    }
  },
  "ground_grid": {
    "enabled": false,
    "smooth_motion": true,
    "smooth_time": 0.050999999046325684
  },
  "light_culling": {
    "visualization_mode": "0"
  },
  "post_process": {
    "auto_exposure": {
      "high_percentile": 0.8999999761581421,
      "log_lum_range": 25.0,
      "low_percentile": 0.10000000149011612,
      "metering": 0.0,
      "min_log_lum": -12.0,
      "speed_down": 3.0,
      "speed_up": 3.0,
      "spot_radius": 0.20000000298023224,
      "target_lum": 0.18000000715255737
    },