{
  "camera_rig": {
    "MainCamera": {
      "camera": {
        "exposure": {
          "aperture_f": 12.0,
          "enabled": true,
          "iso": 100.0,
          "shutter_rate": 125.0
        },
        "has_orthographic": false,
        "has_perspective": true,
        "perspective": {
          "far": 1000.0,
          "fov": 1.0,
          "near": 0.10000000149011612
        }
      },
      "fly": {
        "boost_multiplier": 4.0,
        "look_sensitivity": 0.001500000013038516,
        "move_speed": 5.0,
        "plane_lock": false
      },
      "mode": "orbit",
      "orbit": {
        "distance": 7.5,
        "mode": "turntable",
        "target": {
          "x": 0.0,
          "y": 0.0,
          "z": 0.0
        }
      },
      "position": {
        "x": 1.1632874011993408,
        "y": 6.4038591384887695,
        "z": 3.7265734672546387
      },
      "rotation": {
        "w": 0.07762449234724045,
        "x": 0.045003172010183334,
        "y": 0.49953630566596985,
        "z": 0.8616337180137634
      },
      "scale": {
        "x": 1.0,
        "y": 1.0,
        "z": 1.0
      }
    }
  },
  "demo_shell": {
    "active_panel": "",
    "panels": {
      "environment": {
        "sky_light": {
          "open": true
        },
        "sky_sphere": {
          "open": true
        },
        "width": 725.0
      },
      "lightbench": {
        "width": 796.0
      },
      "post_process": {
        "width": 432.0
      }
    }
  },
  "env": {
    "atmo": {
      "aerial_perspective_scale": 1.0,
      "aerial_scattering_strength": 1.0,
      "atmosphere_height_km": 80.0,
      "enabled": false,
      "ground_albedo": {
        "x": 0.06585365533828735,
        "y": 0.051159005612134933,
        "z": 0.04095776006579399
      },
      "mie_anisotropy": 0.800000011920929,
      "mie_scale_height_km": 1.2000000476837158,
      "multi_scattering": 1.0,
      "planet_radius_km": 6360.0107421875,
      "rayleigh_scale_height_km": 8.0,
      "sun_disk_enabled": true,
      "sun_disk_radius_deg": 0.26799994707107544
    },
    "debug": {
      "force_analytic": false,
      "use_lut": true,
      "visualize_lut": false
    },
    "sky_light": {
      "diffuse": 0.8899999856948853,
      "enabled": false,
      "intensity": 0.03999999910593033,
      "source": 0.0,
      "specular": 0.2199999988079071,
      "tint": {
        "x": 1.0,
        "y": 1.0,
        "z": 1.0
      }
    },
    "sky_sphere": {
      "enabled": false,
      "intensity": 20.0,
      "rotation_deg": 0.0,
      "solid_color": {
        "x": 0.20000000298023224,
        "y": 0.30000001192092896,
        "z": 0.5
      },
      "source": 0.0
    },
    "skybox": {
      "face_size": 512.0,
      "flip_y": false,
      "hdr_exposure_ev": 8.300000190734863,
      "layout": 0.0,
      "output": 2.0,
      "path": "F:\\projects\\DroidNet\\projects\\Oxygen.Engine\\Examples\\Content\\images\\hdr_skybox_f32.hdr",
      "tonemap_hdr_to_ldr": false
    },
    "sun": {
      "azimuth_deg": 95.5999984741211,
      "color": {
        "x": 0.9536585211753845,
        "y": 0.94589763879776,
        "z": 0.9327245950698853
      },
      "disk_radius_deg": 0.2779998779296875,
      "elevation_deg": 46.0,
      "enabled": false,
      "illuminance_lx": 150000.0,
      "source": 1.0,
      "temperature_kelvin": 6800.0,
      "use_temperature": false
    }
  },
  "file_browser": {
    "select_skybox_image": {
      "window_size": [
        700,
        450
      ]
    }
  },
  "light_culling": {
    "visualization_mode": "0"
  },
  "lightbench": {
    "light": {
      "point": {
        "color": {
          "x": 0.9634146094322205,
          "y": 0.9634146094322205,
          "z": 0.9634146094322205
        },
        "enabled": true,
        "intensity": 1600.0,
        "position": {
          "x": 1.7000000476837158,
          "y": 0.5,
          "z": 0.8999999761581421
        },
        "range": 5.0,
        "source_radius": 0.0
      },
      "spot": {
        "color": {
          "x": 1.0,
          "y": 1.0,
          "z": 1.0
        },
        "direction": {
          "x": 0.0,
          "y": -4.0,
          "z": -1.649999976158142
        },
        "enabled": true,
        "inner_angle": 44.79999923706055,
        "intensity": 2600.0,
        "outer_angle": 46.900001525878906,
        "position": {
          "x": 0.0,
          "y": 4.0,
          "z": 3.0999999046325684
        },
        "range": 15.0,
        "source_radius": 0.0
      }
    },
    "scene": {
      "black_card": {
        "enabled": true,
        "position": {
          "x": 1.600000023841858,
          "y": 0.0,
          "z": 1.0
        },
        "rotation": {
          "x": -90.0,
          "y": 0.0,
          "z": 0.0
        },
        "scale": {
          "x": 1.0,
          "y": 1.0,
          "z": 1.0
        }
      },
      "glossy_sphere": {
        "enabled": true,
        "position": {
          "x": 1.0,
          "y": 2.0,
          "z": 1.0
        },
        "rotation": {
          "x": 0.0,
          "y": 0.0,
          "z": 0.0
        },
        "scale": {
          "x": 1.0,
          "y": 1.0,
          "z": 1.0
        }
      },
      "gray_card": {
        "enabled": true,
        "position": {
          "x": -1.600000023841858,
          "y": 0.0,
          "z": 1.0
        },
        "rotation": {
          "x": -90.0,
          "y": 0.0,
          "z": 0.0
        },
        "scale": {
          "x": 1.0,
          "y": 1.0,
          "z": 1.0
        }
      },
      "ground_plane": {
        "enabled": true,
        "position": {
          "x": 0.0,
          "y": 0.0,
          "z": 0.0
        },
        "rotation": {
          "x": 0.0,
          "y": 0.0,
          "z": 0.0
        },
        "scale": {
          "x": 8.0,
          "y": 8.0,
          "z": 1.0
        }
      },
      "matte_sphere": {
        "enabled": true,
        "position": {
          "x": -1.0,
          "y": 2.0,
          "z": 1.0
        },
        "rotation": {
          "x": 0.0,
          "y": 0.0,
          "z": 0.0
        },
        "scale": {
          "x": 1.0,
          "y": 1.0,
          "z": 1.0
        }
      },
      "white_card": {
        "enabled": true,
        "position": {
          "x": 0.0,
          "y": 0.0,
          "z": 1.0
        },
        "rotation": {
          "x": -90.0,
          "y": 0.0,
          "z": 0.0
        },
        "scale": {
          "x": 1.0,
          "y": 1.0,
          "z": 1.0
        }
      }
    }
  },
  "post_process": {
    "exposure": {
      "manual_ev": 6.0,
      "mode": "manual"
    },
    "tonemapping": {
      "mode": "reinhard"
    }
  },
  "rendering": {
    "debug_mode": "0",
    "view_mode": "solid"
  }
}
