{
  "async_demo": {
    "profiler_open": true,
    "spotlight_open": true
  },
  "camera_rig": {
    "MainCamera": {
      "camera": {
        "has_orthographic": false,
        "has_perspective": true,
        "perspective": {
          "far": 600.0,
          "fov": 0.7853981852531433,
          "near": 0.10000000149011612
        }
      },
      "drone": {
        "bank_factor": 0.05400000140070915,
        "bob_amp": 0.024000000208616257,
        "bob_freq": 0.699999988079071,
        "damping": 15.300000190734863,
        "focus_height": 0.609000027179718,
        "focus_offset_x": -2.5,
        "focus_offset_y": 0.5,
        "noise_amp": 0.010999999940395355,
        "poi_min_speed": 0.23999999463558197,
        "poi_radius": 10.234999656677246,
        "running": true,
        "show_path": true,
        "speed": 6.5
      },
      "fly": {
        "boost_multiplier": 4.0,
        "look_sensitivity": 0.001500000013038516,
        "move_speed": 5.0,
        "plane_lock": false
      },
      "mode": "drone",
      "orbit": {
        "distance": 27.05638313293457,
        "mode": "turntable",
        "target": {
          "x": 0.0,
          "y": 0.0,
          "z": 0.0
        }
      },
      "position": {
        "x": 35.894866943359375,
        "y": 13.986461639404297,
        "z": -2.3200747966766357
      },
      "rotation": {
        "w": 0.5310134887695313,
        "x": -0.016029931604862213,
        "y": 0.8261411190032959,
        "z": 0.18777421116828918
      },
      "scale": {
        "x": 1.0,
        "y": 1.0,
        "z": 1.0
      }
    }
  },
  "demo_shell": {
    "active_panel": "",
    "panels": {
      "async_demo": {
        "width": 534.0
      },
      "camera_controls": {
        "width": 522.0
      }
    }
  },
  "env": {
    "atmo": {
      "aerial_perspective_scale": 1.0,
      "aerial_scattering_strength": 1.0,
      "atmosphere_height_km": 80.0,
      "enabled": true,
      "ground_albedo": {
        "x": 0.10000000149011612,
        "y": 0.10000000149011612,
        "z": 0.10000000149011612
      },
      "mie_anisotropy": 0.800000011920929,
      "mie_scale_height_km": 1.2000000476837158,
      "multi_scattering": 1.0,
      "planet_radius_km": 6360.0107421875,
      "rayleigh_scale_height_km": 8.0,
      "sun_disk_enabled": true,
      "sun_disk_radius_deg": 0.26799994707107544
    },
    "debug": {
      "force_analytic": false,
      "use_lut": true,
      "visualize_lut": false
    },
    "sky_light": {
      "diffuse": 1.0,
      "enabled": false,
      "intensity": 1.0,
      "source": 0.0,
      "specular": 1.0,
      "tint": {
        "x": 1.0,
        "y": 1.0,
        "z": 1.0
      }
    },
    "sky_sphere": {
      "enabled": false,
      "intensity": 1.0,
      "rotation_deg": 0.0,
      "solid_color": {
        "x": 0.20000000298023224,
        "y": 0.30000001192092896,
        "z": 0.5
      },
      "source": 0.0
    },
    "skybox": {
      "face_size": 512.0,
      "flip_y": false,
      "hdr_exposure_ev": 0.0,
      "layout": 0.0,
      "output": 0.0,
      "tonemap_hdr_to_ldr": false
    },
    "sun": {
      "azimuth_deg": 90.0,
      "color": {
        "x": 1.0,
        "y": 1.0,
        "z": 1.0
      },
      "disk_radius_deg": 0.26799994707107544,
      "elevation_deg": 30.0,
      "enabled": true,
      "intensity_lux": 10.0,
      "source": 1.0,
      "temperature_kelvin": 6500.0,
      "use_temperature": false
    }
  },
  "ui": {
    "stats": {
      "show_budget_stats": true,
      "show_engine_timing": true,
      "show_fps": true,
      "show_frame_timing_detail": true
    }
  }
}
