{
  "camera_rig": {
    "MainCamera": {
      "position": {
        "x": 1.3175553092992232e-08,
        "y": -0.0872577428817749,
        "z": 4.99923849105835
      },
      "rotation": {
        "w": 0.9999619126319885,
        "x": 0.008726106956601143,
        "y": 6.588027900988891e-10,
        "z": 7.549503067139085e-08
      }
    }
  },
  "demo_shell": {
    "active_panel": ""
  },
  "post_process": {
    "exposure": {
      "enabled": true,
      "manual_ev100": 5.251999855041504
    }
  },
  "ui": {
    "stats": {
      "show_fps": true,
      "show_frame_timing_detail": true
    }
  }
}
