{
  "camera": {
    "fly_move_speed": 9.9399995803833
  },
  "camera_rig": {
    "CameraRig": {
      "position": {
        "x": 0.0,
        "y": 0.0,
        "z": 0.0
      },
      "rotation": {
        "w": 0.03479399532079697,
        "x": 0.04185214266180992,
        "y": 0.7678291201591492,
        "z": 0.6383386850357056
      }
    },
    "MainCamera": {
      "camera": {
        "exposure": {
          "aperture_f": 11.0,
          "enabled": true,
          "iso": 100.0,
          "shutter_rate": 125.0
        },
        "has_orthographic": false,
        "has_perspective": true,
        "perspective": {
          "far": 200.0,
          "fov": 1.0,
          "near": 0.10000000149011612
        }
      },
      "fly": {
        "boost_multiplier": 4.0,
        "look_sensitivity": 0.001500000013038516,
        "move_speed": 9.9399995803833,
        "plane_lock": false
      },
      "mode": "fly",
      "orbit": {
        "distance": 15.0,
        "mode": "turntable",
        "target": {
          "x": 0.0,
          "y": 0.0,
          "z": 0.0
        }
      },
      "position": {
        "x": 9.520689010620117,
        "y": 11.710914611816406,
        "z": 3.997236490249634
      },
      "rotation": {
        "w": 0.19015292823314667,
        "x": 0.19920721650123596,
        "y": 0.6953834891319275,
        "z": 0.6637771725654602
      }
    },
    "New Entity 2": {
      "position": {
        "x": 8.0,
        "y": 19.0,
        "z": -7.0
      },
      "rotation": {
        "w": 0.45785799622535706,
        "x": 0.8865357041358948,
        "y": 0.059074077755212784,
        "z": 0.03050924651324749
      }
    },
    "camera_node": {
      "camera": {
        "exposure": {
          "aperture_f": 11.0,
          "enabled": true,
          "iso": 100.0,
          "shutter_rate": 125.0
        },
        "has_orthographic": false,
        "has_perspective": true,
        "perspective": {
          "far": 200.0,
          "fov": 0.7853999733924866,
          "near": 0.10000000149011612
        }
      },
      "fly": {
        "boost_multiplier": 4.0,
        "look_sensitivity": 0.001500000013038516,
        "move_speed": 9.9399995803833,
        "plane_lock": false
      },
      "mode": "fly",
      "orbit": {
        "distance": 21.124629974365234,
        "mode": "turntable",
        "target": {
          "x": 0.0,
          "y": 0.0,
          "z": 0.0
        }
      },
      "position": {
        "x": 7.337153434753418,
        "y": -2.4476988315582275,
        "z": 2.1918580532073975
      },
      "rotation": {
        "w": 0.609340250492096,
        "x": 0.4150855243206024,
        "y": 0.38034531474113464,
        "z": 0.5583421587944031
      }
    }
  },
  "content": {
    "active_scene": {
      "key": "fb81c5db-a51c-c94f-d9e8-ce98dadac6a7",
      "name": "/.cooked/Scenes/VsmTwoCubes.oscene",
      "source_is_pak": false,
      "source_path": "F:\\projects\\DroidNet\\projects\\Oxygen.Engine\\Examples\\Content\\.cooked\\container.index.bin"
    },
    "explorer": {
      "auto_dump_delay": 180.0,
      "auto_dump_tex_mem": true,
      "auto_load_on_import": true,
      "dump_top_n": 20.0,
      "include_fbx": true,
      "include_glb": true,
      "include_gltf": true,
      "model_root": "F:\\projects\\DroidNet\\projects\\Oxygen.Engine\\Examples\\Content"
    },
    "library": {
      "mounted_indices": "F:\\projects\\DroidNet\\projects\\Oxygen.Engine\\Examples\\Content\\.cooked\\container.index.bin",
      "mounted_paks": ""
    },
    "paths": {
      "last_cooked_output": "F:\\projects\\DroidNet\\projects\\Oxygen.Engine\\Examples\\RenderScene\\.cooked"
    }
  },
  "demo_shell": {
    "active_panel": "Post Process",
    "panels": {
      "diagnostics": {
        "width": 567.0
      },
      "environment": {
        "sky_atmo": {
          "open": true
        },
        "sky_light": {
          "open": false
        },
        "sky_sphere": {
          "open": false
        },
        "sun": {
          "open": true
        },
        "width": 543.0
      },
      "post_process": {
        "width": 495.0
      }
    }
  },
  "diagnostics": {
    "shader_debug_mode": "0"
  },
  "env": {
    "atmo": {
      "aerial_perspective_scale": 1.0,
      "aerial_perspective_start_depth_m": 40.0,
      "aerial_scattering_strength": 1.0,
      "atmosphere_height_km": 100.00001525878906,
      "enabled": true,
      "ground_albedo": {
        "x": 0.1599999964237213,
        "y": 0.15000000596046448,
        "z": 0.14000000059604645
      },
      "height_fog_contribution": 1.0,
      "holdout": false,
      "mie_absorption_scale": 1.0,
      "mie_anisotropy": 0.800000011920929,
      "mie_scale_height_km": 1.2000000476837158,
      "multi_scattering": 1.0,
      "ozone_profile": {
        "layer0": {
          "constant_term": -0.6666666865348816,
          "linear_term": 6.666666740784422e-05,
          "width_m": 25000.0
        },
        "layer1": {
          "constant_term": 2.6666667461395264,
          "linear_term": -6.666666740784422e-05
        }
      },
      "ozone_rgb": {
        "x": 6.500000040432496e-07,
        "y": 1.8810000028679497e-06,
        "z": 8.500000348021786e-08
      },
      "planet_radius_km": 6360.0009765625,
      "rayleigh_scale_height_km": 8.0,
      "render_in_main_pass": true,
      "sky_and_aerial_luminance_factor": {
        "x": 1.0,
        "y": 1.0,
        "z": 1.0
      },
      "sky_luminance_factor": {
        "x": 1.0,
        "y": 1.0,
        "z": 1.0
      },
      "sun_disk_enabled": true,
      "trace_sample_count_scale": 1.0,
      "transform_mode": 0.0,
      "transmittance_min_light_elevation_deg": -90.0
    },
    "fog": {
      "cutoff_distance_m": 5800.0,
      "directional_inscattering_exponent": 6.0,
      "directional_inscattering_luminance": {
        "x": 1.0,
        "y": 0.8199999928474426,
        "z": 0.5799999833106995
      },
      "directional_inscattering_start_distance": 120.0,
      "enabled": true,
      "end_distance_m": 5600.0,
      "extinction_sigma_t_per_m": 0.0002800000074785203,
      "fully_directional_color_distance": 1800.0,
      "height_falloff_per_m": 0.019999999552965164,
      "height_offset_m": -20.0,
      "holdout": false,
      "inscattering_cubemap_angle": 0.0,
      "inscattering_luminance": {
        "x": 0.30000001192092896,
        "y": 0.36000001430511475,
        "z": 0.46000000834465027
      },
      "inscattering_texture_tint": {
        "x": 1.0,
        "y": 1.0,
        "z": 1.0
      },
      "max_opacity": 0.7200000286102295,
      "model": 1.0,
      "non_directional_color_distance": 600.0,
      "render_in_main_pass": true,
      "second_density": 7.999999797903001e-05,
      "second_height_falloff": 0.006000000052154064,
      "second_height_offset": 180.0,
      "single_scattering_albedo_rgb": {
        "x": 0.8199999928474426,
        "y": 0.8799999952316284,
        "z": 0.949999988079071
      },
      "sky_atmo_ambient_contribution": {
        "x": 1.0,
        "y": 1.0,
        "z": 1.0
      },
      "start_distance_m": 80.0,
      "visible_in_real_time_sky_captures": true,
      "visible_in_reflection_captures": true
    },
    "settings": {
      "custom_state_present": true,
      "schema_version": 5.0
    },
    "sky_light": {
      "affect_global_illumination": true,
      "affect_reflections": true,
      "diffuse": 0.800000011920929,
      "enabled": true,
      "intensity_mul": 0.8500000238418579,
      "lower_hemisphere_color": {
        "x": 0.017999999225139618,
        "y": 0.019999999552965164,
        "z": 0.024000000208616257
      },
      "real_time_capture_enabled": true,
      "source": 0.0,
      "specular": 0.44999998807907104,
      "tint": {
        "x": 0.8600000143051147,
        "y": 0.9200000166893005,
        "z": 1.0
      },
      "volumetric_scattering_intensity": 1.0
    },
    "sky_sphere": {
      "enabled": false,
      "intensity": 1.0,
      "rotation_deg": 0.0,