{
  "camera": {
    "fly_move_speed": 2.200000047683716
  },
  "camera_rig": {
    "Camera": {
      "position": {
        "x": -41.40798568725586,
        "y": 7.06563663482666,
        "z": 8.315412521362305
      },
      "rotation": {
        "w": -0.49832743406295776,
        "x": -0.40935075283050537,
        "y": 0.48511677980422974,
        "z": 0.5905619859695435
      }
    },
    "CameraRig": {
      "mode": "fly",
      "orbit": {
        "distance": 50.599998474121094,
        "mode": "turntable",
        "target": {
          "x": 0.0,
          "y": 0.0,
          "z": 0.0
        }
      },
      "position": {
        "x": -1.4011930227279663,
        "y": -13.063375473022461,
        "z": 13.200704574584961
      },
      "rotation": {
        "w": 0.9211650490760803,
        "x": 0.15857580304145813,
        "y": -0.06029404327273369,
        "z": -0.35024741291999817
      }
    },
    "MainCamera": {
      "camera": {
        "has_perspective": true,
        "perspective": {
          "far": 2000.0,
          "fov": 1.3648474216461182,
          "near": 0.10000000149011612
        }
      },
      "fly": {
        "boost_multiplier": 4.0,
        "look_sensitivity": 0.001500000013038516,
        "move_speed": 2.200000047683716,
        "plane_lock": false
      },
      "mode": "fly",
      "orbit": {
        "distance": 15.0,
        "mode": "turntable",
        "target": {
          "x": 0.0,
          "y": 0.0,
          "z": 0.0
        }
      },
      "position": {
        "x": 20.039539337158203,
        "y": -46.32676315307617,
        "z": 11.495424270629883
      },
      "rotation": {
        "w": 0.11533822119235992,
        "x": 0.09478605538606644,
        "y": 0.6277999877929688,
        "z": 0.7639240026473999
      }
    },
    "Node_23": {
      "position": {
        "x": -20.709604263305664,
        "y": -0.8519012928009033,
        "z": 5.29805850982666
      },
      "rotation": {
        "w": 0.5698524117469788,
        "x": 0.4425140917301178,
        "y": -0.4246852993965149,
        "z": -0.5468931198120117
      }
    },
    "PhysCamera001": {
      "camera": {
        "has_perspective": true,
        "perspective": {
          "far": 10000.0,
          "fov": 0.9459684491157532,
          "near": 0.10000000149011612
        }
      },
      "fly": {
        "boost_multiplier": 4.0,
        "look_sensitivity": 0.001500000013038516,
        "move_speed": 4.440000057220459,
        "plane_lock": false
      },
      "mode": "fly",
      "orbit": {
        "distance": 8.991250991821289,
        "mode": "turntable",
        "target": {
          "x": 0.0,
          "y": 0.0,
          "z": 0.0
        }
      },
      "position": {
        "x": 1.2269577980041504,
        "y": 0.5870475769042969,
        "z": 16.227149963378906
      },
      "rotation": {
        "w": -0.11965897679328918,
        "x": -0.10002882033586502,
        "y": 0.63351970911026,
        "z": 0.7578448057174683
      }
    },
    "cam": {
      "mode": "orbit",
      "position": {
        "x": -1.214525818824768,
        "y": -0.5475285053253174,
        "z": 0.11394467949867249
      },
      "rotation": {
        "w": 0.6187132596969604,
        "x": 0.5680543780326843,
        "y": -0.3670223653316498,
        "z": -0.39975330233573914
      }
    },
    "cam_001": {
      "mode": "fly",
      "orbit": {
        "distance": 0.10000000149011612,
        "mode": "turntable",
        "target": {
          "x": 0.0,
          "y": 0.0,
          "z": 0.0
        }
      },
      "position": {
        "x": 25.279335021972656,
        "y": -3.6773407459259033,
        "z": 15.000630378723145
      },
      "rotation": {
        "w": 0.0795573741197586,
        "x": 0.9926333427429199,
        "y": -0.09108565002679825,
        "z": -0.00730031356215477
      }
    },
    "camera_node": {
      "fly": {
        "boost_multiplier": 4.0,
        "look_sensitivity": 0.001500000013038516,
        "move_speed": 2.359999895095825,
        "plane_lock": false
      },
      "mode": "fly",
      "orbit": {
        "distance": 16.10000228881836,
        "mode": "turntable",
        "target": {
          "x": 0.0,
          "y": 0.0,
          "z": 0.0
        }
      },
      "position": {
        "x": -1.9704217910766602,
        "y": 8.237449645996094,
        "z": 1.7058014869689941
      },
      "rotation": {
        "w": -0.1308821141719818,
        "x": -0.11266795545816422,
        "y": 0.6426008343696594,
        "z": 0.74648517370224
      }
    }
  },
  "content": {
    "active_scene": {
      "key": "e74ea312-0b6f-928f-8864-e3f44af2a8b7",
      "name": "/.cooked/Scenes/NewSponza_Main_glTF_003.oscene",
      "source_is_pak": false,
      "source_path": "H:\\projects\\DroidNet\\projects\\Oxygen.Engine\\Examples\\RenderScene\\.cooked\\container.index.bin"
    },
    "explorer": {
      "auto_dump_delay": 180.0,
      "auto_dump_tex_mem": true,
      "auto_load_on_import": true,
      "dump_top_n": 20.0,
      "include_fbx": true,
      "include_glb": true,
      "include_gltf": true,
      "model_root": "C:\\Users\\abdes\\Downloads\\full-gameready-city-buildings\\source"
    },
    "library": {
      "mounted_indices": "H:\\projects\\DroidNet\\projects\\Oxygen.Engine\\Examples\\RenderScene\\.cooked\\container.index.bin\nH:\\projects\\DroidNet\\projects\\Oxygen.Engine\\Examples\\Content\\.cooked\\container.index.bin",
      "mounted_paks": ""
    },
    "paths": {
      "last_cooked_output": "H:\\projects\\DroidNet\\projects\\Oxygen.Engine\\Examples\\RenderScene\\.cooked"
    }
  },
  "demo_shell": {
    "active_panel": "",
    "console": {
      "window": {
        "height": 1057.0,
        "width": 900.0,
        "x": 806.0,
        "y": 50.0
      }
    },
    "palette": {
      "window": {
        "height": 460.0,
        "width": 720.0,
        "x": 920.0,
        "y": 470.0
      }
    },
    "panels": {
      "camera_controls": {
        "width": 477.0
      },
      "environment": {
        "sky_atmo": {
          "open": true
        },
        "sky_light": {
          "open": true
        },
        "sky_sphere": {
          "open": false
        },
        "width": 552.0
      },
      "ground_grid": {
        "width": 529.0
      },
      "post_process": {
        "width": 544.0
      }
    }
  },
  "env": {
    "atmo": {
      "aerial_perspective_scale": 1.0,
      "aerial_scattering_strength": 1.0,
      "atmosphere_height_km": 100.0,
      "enabled": true,
      "ground_albedo": {
        "x": 0.05999999865889549,
        "y": 0.05000000074505806,
        "z": 0.03999999910593033
      },
      "mie_absorption_scale": 1.0,
      "mie_anisotropy": 0.800000011920929,
      "mie_scale_height_km": 1.2000000476837158,
      "multi_scattering": 1.0,
      "ozone_profile": {
        "layer0": {
          "constant_term": -0.6666666865348816,
          "linear_term": 6.666666740784422e-05,
          "width_m": 25000.0
        },
        "layer1": {
          "constant_term": 2.6666667461395264,
          "linear_term": -6.666666740784422e-05
        }
      },
      "ozone_rgb": {
        "x": 6.500000040432496e-07,
        "y": 1.8810000028679497e-06,
        "z": 8.500000348021786e-08
      },
      "planet_radius_km": 6360.0,
      "rayleigh_scale_height_km": 8.0,
      "sun_disk_enabled": true
    },
    "fog": {
      "enabled": false,
      "extinction_sigma_t_per_m": 0.009999999776482582,
      "height_falloff_per_m": 0.20000000298023224,
      "height_offset_m": 0.0,
      "max_opacity": 1.0,
      "model": 0.0,
      "single_scattering_albedo_rgb": {
        "x": 1.0,
        "y": 1.0,
        "z": 1.0
      },
      "start_distance_m": 0.0
    },
    "settings": {
      "custom_state_present": true,
      "schema_version": 2.0
    },
    "sky_light": {
      "diffuse": 1.0,
      "enabled": true,
      "intensity_mul": 1.0,
      "source": 0.0,
      "specular": 1.0,
      "tint": {
        "x": 1.0,
        "y": 1.0,